,beer_name,year,rating
0, Hoegaarden Rosée,2007,2.320512820512821
1, Hoegaarden Rosée,2008,2.6053571428571423
2, Hoegaarden Rosée,2009,2.188
3, Hoegaarden Rosée,2010,2.6249999999999996
4, Hoegaarden Rosée,2011,2.4288888888888893
5, Hoegaarden Rosée,2012,2.5266666666666664
6, Hoegaarden Rosée,2013,2.3925925925925924
7, Hoegaarden Rosée,2014,2.4980769230769226
8, Hoegaarden Rosée,2015,2.492156862745098
9, Hoegaarden Rosée,2016,2.5853658536585367
10, Hoegaarden Rosée,2017,2.7348837209302332
11, Hoegaarden Rosée,2018,2.4799999999999995
12, Hoegaarden Rosée,2019,2.8416666666666663
13, Hoegaarden Rosée,2020,2.841666666666667
14, Hoegaarden Rosée,2021,3.1500000000000004
15,Alexander Keith's India Pale Ale,2000,2.5999999999999996
16,Alexander Keith's India Pale Ale,2001,3.351612903225806
17,Alexander Keith's India Pale Ale,2002,3.1209302325581394
18,Alexander Keith's India Pale Ale,2003,2.4659090909090917
19,Alexander Keith's India Pale Ale,2004,2.153658536585366
20,Alexander Keith's India Pale Ale,2005,2.261666666666667
21,Alexander Keith's India Pale Ale,2006,2.292
22,Alexander Keith's India Pale Ale,2007,2.067272727272728
23,Alexander Keith's India Pale Ale,2008,2.250909090909091
24,Alexander Keith's India Pale Ale,2009,2.1617021276595745
25,Alexander Keith's India Pale Ale,2010,1.9236842105263152
26,Alexander Keith's India Pale Ale,2011,1.9925925925925922
27,Alexander Keith's India Pale Ale,2012,2.2097560975609754
28,Alexander Keith's India Pale Ale,2013,1.9057692307692307
29,Alexander Keith's India Pale Ale,2014,2.009375
30,Alexander Keith's India Pale Ale,2015,2.2999999999999994
31,Alexander Keith's India Pale Ale,2016,2.211111111111111
32,Alexander Keith's India Pale Ale,2017,2.1357142857142852
33,Alexander Keith's India Pale Ale,2018,2.1695652173913045
34,Alexander Keith's India Pale Ale,2019,2.4533333333333336
35,Baltika 7 Eksportnoe (Export),2002,2.55
36,Baltika 7 Eksportnoe (Export),2003,1.9
37,Baltika 7 Eksportnoe (Export),2004,2.25
38,Baltika 7 Eksportnoe (Export),2005,2.104878048780488
39,Baltika 7 Eksportnoe (Export),2006,1.8885714285714288
40,Baltika 7 Eksportnoe (Export),2007,2.135714285714286
41,Baltika 7 Eksportnoe (Export),2008,2.1105263157894742
42,Baltika 7 Eksportnoe (Export),2009,2.108333333333333
43,Baltika 7 Eksportnoe (Export),2010,2.1529411764705877
44,Baltika 7 Eksportnoe (Export),2011,2.289999999999999
45,Baltika 7 Eksportnoe (Export),2012,2.2921052631578953
46,Baltika 7 Eksportnoe (Export),2013,2.2648351648351652
47,Baltika 7 Eksportnoe (Export),2014,2.211290322580646
48,Baltika 7 Eksportnoe (Export),2015,2.4196428571428568
49,Baltika 7 Eksportnoe (Export),2016,2.2707317073170725
50,Baltika 7 Eksportnoe (Export),2017,2.4884615384615385
51,Baltika 7 Eksportnoe (Export),2018,2.5266666666666664
52,Baltika 7 Eksportnoe (Export),2019,2.5217391304347827
53,Baltika 7 Eksportnoe (Export),2020,2.5105263157894737
54,Baltika 7 Eksportnoe (Export),2021,2.1
55,Bavaria 8.6 (Original),2000,2.5
56,Bavaria 8.6 (Original),2001,1.8333333333333333
57,Bavaria 8.6 (Original),2002,2.076923076923077
58,Bavaria 8.6 (Original),2003,2.1999999999999997
59,Bavaria 8.6 (Original),2004,2.233333333333333
60,Bavaria 8.6 (Original),2005,2.207692307692308
61,Bavaria 8.6 (Original),2006,1.976
62,Bavaria 8.6 (Original),2007,2.575
63,Bavaria 8.6 (Original),2008,1.8666666666666665
64,Bavaria 8.6 (Original),2009,2.0785714285714283
65,Bavaria 8.6 (Original),2010,2.1357142857142857
66,Bavaria 8.6 (Original),2011,2.2153846153846155
67,Bavaria 8.6 (Original),2012,2.32
68,Bavaria 8.6 (Original),2013,2.3809523809523814
69,Bavaria 8.6 (Original),2014,1.9349999999999998
70,Bavaria 8.6 (Original),2015,2.5217391304347827
71,Bavaria 8.6 (Original),2016,2.257142857142858
72,Bavaria 8.6 (Original),2017,2.231578947368421
73,Bavaria 8.6 (Original),2018,2.0999999999999996
74,Bavaria 8.6 (Original),2019,2.0941176470588236
75,Bavaria 8.6 (Original),2020,2.7500000000000004
76,Bavaria 8.6 (Original),2021,3.15
77,Beck's,2000,2.9181818181818184
78,Beck's,2001,2.5808219178082195
79,Beck's,2002,2.526291079812207
80,Beck's,2003,2.4061643835616424
81,Beck's,2004,2.3889655172413797
82,Beck's,2005,2.4118055555555555
83,Beck's,2006,2.3576388888888897
84,Beck's,2007,2.393081761006289
85,Beck's,2008,2.3273809523809543
86,Beck's,2009,2.2099999999999995
87,Beck's,2010,2.2235294117647064
88,Beck's,2011,2.353153153153153
89,Beck's,2012,2.3402684563758394
90,Beck's,2013,2.343661971830985
91,Beck's,2014,2.162790697674419
92,Beck's,2015,2.3008620689655177
93,Beck's,2016,2.2919540229885063
94,Beck's,2017,2.2164556962025324
95,Beck's,2018,2.4738461538461545
96,Beck's,2019,2.4179999999999997
97,Beck's,2020,2.3235294117647065
98,Beck's,2021,2.1624999999999996
99,Bellwoods Bring Out Your Dead,2013,3.9296296296296287
100,Bellwoods Bring Out Your Dead,2014,3.8499999999999996
101,Bellwoods Bring Out Your Dead,2015,4.011111111111111
102,Bellwoods Bring Out Your Dead,2016,4.080952380952381
103,Bellwoods Bring Out Your Dead,2017,3.9666666666666663
104,Bellwoods Bring Out Your Dead,2018,3.905714285714286
105,Bellwoods Bring Out Your Dead,2019,3.961538461538462
106,Bellwoods Bring Out Your Dead,2020,3.9
107,Bellwoods Bring Out Your Dead,2021,4.1
108,Bellwoods Jelly King (Raspberry and Blackberry),2019,4.05
109,Bellwoods Jelly King (Raspberry and Blackberry),2020,4.085714285714286
110,Bellwoods Jelly King (Raspberry and Blackberry),2021,4.24
111,Berthold Keller Premium Lager,2009,2.1055555555555556
112,Berthold Keller Premium Lager,2010,2.1931818181818183
113,Berthold Keller Premium Lager,2011,1.8800000000000001
114,Berthold Keller Premium Lager,2012,2.035714285714286
115,Berthold Keller Premium Lager,2013,2.0571428571428574
116,Berthold Keller Premium Lager,2014,2.433333333333333
117,Berthold Keller Premium Lager,2015,2.8
118,Berthold Keller Premium Lager,2016,1.9500000000000002
119,Berthold Keller Premium Lager,2017,2.6666666666666665
120,Berthold Keller Premium Lager,2018,2.75
121,Boxer Ice,2010,1.02
122,Boxer Ice,2011,1.7571428571428573
123,Boxer Ice,2012,1.02
124,Boxer Ice,2013,1.6599999999999997
125,Boxer Ice,2014,1.7
126,Boxer Ice,2015,0.6
127,Boxer Ice,2016,2.0
128,Boxer Ice,2017,1.4666666666666668
129,Boxer Ice,2018,3.5
130,Boxer Ice,2019,1.4
131,BrewDog / Weihenstephan India Pale Weizen,2014,3.451260504201679
132,BrewDog / Weihenstephan India Pale Weizen,2015,3.416666666666665
133,BrewDog / Weihenstephan India Pale Weizen,2016,3.2857142857142856
134,BrewDog / Weihenstephan India Pale Weizen,2018,3.8
135,BrewDog / Weihenstephan India Pale Weizen,2019,3.2
136,BrewDog / Weihenstephan India Pale Weizen,2020,3.1
137,Bud Light,2000,1.34375
138,Bud Light,2001,1.512307692307693
139,Bud Light,2002,1.2761589403973506
140,Bud Light,2003,1.2777777777777777
141,Bud Light,2004,1.1010256410256407
142,Bud Light,2005,1.1792079207920791
143,Bud Light,2006,1.0953068592057762
144,Bud Light,2007,1.1215805471124634
145,Bud Light,2008,1.1434343434343437
146,Bud Light,2009,1.2043062200956938
147,Bud Light,2010,1.206293706293707
148,Bud Light,2011,1.3433070866141725
149,Bud Light,2012,1.2978142076502726
150,Bud Light,2013,1.367948717948718
151,Bud Light,2014,1.4845528455284547
152,Bud Light,2015,1.581927710843373
153,Bud Light,2016,1.6476190476190473
154,Bud Light,2017,1.6870967741935479
155,Bud Light,2018,1.9513513513513514
156,Bud Light,2019,1.513888888888889
157,Bud Light,2020,1.9692307692307693
158,Bud Light,2021,3.0
159,Bud Light Apple,2015,1.961111111111111
160,Bud Light Apple,2016,1.8200000000000003
161,Bud Light Apple,2017,3.5
162,Bud Light Apple,2018,2.9333333333333336
163,Bud Light Apple,2019,1.2
164,Bud Light Apple,2020,1.6
165,Bud Light Lime,2008,1.600409836065574
166,Bud Light Lime,2009,1.490960451977401
167,Bud Light Lime,2010,1.437362637362637
168,Bud Light Lime,2011,1.5741935483870964
169,Bud Light Lime,2012,1.5971698113207538
170,Bud Light Lime,2013,2.091803278688524
171,Bud Light Lime,2014,1.980327868852459
172,Bud Light Lime,2015,1.6741935483870967
173,Bud Light Lime,2016,1.6684210526315788
174,Bud Light Lime,2017,1.6764705882352942
175,Bud Light Lime,2018,2.1777777777777776
176,Bud Light Lime,2019,1.9600000000000002
177,Bud Light Lime,2020,1.7000000000000004
178,Bud Light Lime,2021,3.1
179,Budweiser,2000,1.2347826086956522
180,Budweiser,2001,1.484873949579831
181,Budweiser,2002,1.4002309468822167
182,Budweiser,2003,1.4824626865671642
183,Budweiser,2004,1.3799999999999994
184,Budweiser,2005,1.4425170068027222
185,Budweiser,2006,1.324161073825504
186,Budweiser,2007,1.3344647519582247
187,Budweiser,2008,1.4865013774104687
188,Budweiser,2009,1.5837837837837845
189,Budweiser,2010,1.4198529411764704
190,Budweiser,2011,1.6202380952380948
191,Budweiser,2012,1.5857758620689637
192,Budweiser,2013,1.7506787330316749
193,Budweiser,2014,1.6666666666666676
194,Budweiser,2015,1.6016949152542364
195,Budweiser,2016,1.9196261682243
196,Budweiser,2017,1.9595041322314046
197,Budweiser,2018,2.016153846153846
198,Budweiser,2019,2.0880597014925377
199,Budweiser,2020,2.109756097560976
200,Budweiser,2021,1.8714285714285712
201,Caledon Hills Helles,2021,3.0
202,Cantillon Vin Jaune,2014,4.5600000000000005
203,Cantillon Vin Jaune,2015,4.4625
204,Cantillon Vin Jaune,2016,4.25
205,Cantillon Vin Jaune,2017,3.7
206,Cantillon Vin Jaune,2018,4.292857142857144
207,Cantillon Vin Jaune,2019,4.033333333333333
208,Cantillon Vin Jaune,2020,4.5
209,Carlsberg Pilsner,2000,3.0
210,Carlsberg Pilsner,2001,2.7851851851851848
211,Carlsberg Pilsner,2002,2.454878048780487
212,Carlsberg Pilsner,2003,2.3898734177215193
213,Carlsberg Pilsner,2004,2.1554216867469886
214,Carlsberg Pilsner,2005,2.269090909090909
215,Carlsberg Pilsner,2006,2.176724137931035
216,Carlsberg Pilsner,2007,2.2642276422764214
217,Carlsberg Pilsner,2008,2.2350993377483444
218,Carlsberg Pilsner,2009,2.1088495575221238
219,Carlsberg Pilsner,2010,2.21685393258427
220,Carlsberg Pilsner,2011,2.2193548387096764
221,Carlsberg Pilsner,2012,2.2437500000000004
222,Carlsberg Pilsner,2013,2.2650793650793646
223,Carlsberg Pilsner,2014,2.212087912087912
224,Carlsberg Pilsner,2015,2.296103896103896
225,Carlsberg Pilsner,2016,2.3375000000000004
226,Carlsberg Pilsner,2017,2.2533333333333334
227,Carlsberg Pilsner,2018,2.3568627450980384
228,Carlsberg Pilsner,2019,2.2984126984126987
229,Carlsberg Pilsner,2020,2.365517241379311
230,Carlsberg Pilsner,2021,2.2750000000000004
231,Chang Beer,2004,1.7333333333333332
232,Chang Beer,2005,2.0
233,Chang Beer,2006,1.9272727272727272
234,Chang Beer,2007,1.981818181818182
235,Chang Beer,2008,1.9562499999999996
236,Chang Beer,2009,2.08804347826087
237,Chang Beer,2010,2.0794520547945208
238,Chang Beer,2011,2.0010526315789465
239,Chang Beer,2012,2.1696428571428563
240,Chang Beer,2013,1.9615942028985502
241,Chang Beer,2014,1.9739436619718322
242,Chang Beer,2015,2.0663934426229513
243,Chang Beer,2016,2.2
244,Chang Beer,2017,1.8800000000000001
245,Chang Beer,2018,2.0833333333333335
246,Chang Beer,2019,1.875
247,Chang Beer,2020,2.2222222222222228
248,Chang Beer,2021,1.2
249,Cool Beer Blonde Lager,2002,1.4333333333333333
250,Cool Beer Blonde Lager,2003,1.5
251,Cool Beer Blonde Lager,2004,1.425
252,Cool Beer Blonde Lager,2005,1.2
253,Cool Beer Blonde Lager,2006,2.1714285714285717
254,Cool Beer Blonde Lager,2007,1.8875
255,Cool Beer Blonde Lager,2008,2.0
256,Cool Beer Blonde Lager,2009,1.3333333333333333
257,Cool Beer Blonde Lager,2010,2.3000000000000003
258,Cool Beer Blonde Lager,2011,1.5499999999999998
259,Cool Beer Blonde Lager,2012,2.2
260,Cool Beer Blonde Lager,2013,1.8666666666666665
261,Cool Beer Blonde Lager,2018,1.6
262,Cool Beer Blonde Lager,2019,3.6
263,Cool Beer Blonde Lager,2020,2.5
264,Corona Extra,2002,1.779032258064516
265,Corona Extra,2003,1.7134259259259272
266,Corona Extra,2004,1.5778280542986427
267,Corona Extra,2005,1.6563876651982383
268,Corona Extra,2006,1.7172413793103454
269,Corona Extra,2007,1.6297297297297308
270,Corona Extra,2008,1.6730496453900703
271,Corona Extra,2009,1.672072072072073
272,Corona Extra,2010,1.6565217391304354
273,Corona Extra,2011,1.6660606060606051
274,Corona Extra,2012,1.7841666666666667
275,Corona Extra,2013,1.8561403508771932
276,Corona Extra,2014,1.7343612334801757
277,Corona Extra,2015,1.7942857142857143
278,Corona Extra,2016,2.0234482758620693
279,Corona Extra,2017,2.0492424242424248
280,Corona Extra,2018,1.9350000000000005
281,Corona Extra,2019,2.1932432432432427
282,Corona Extra,2020,2.2462962962962965
283,Corona Extra,2021,2.2
284,Creemore Springs Premium Lager,2001,3.888888888888889
285,Creemore Springs Premium Lager,2002,3.572222222222223
286,Creemore Springs Premium Lager,2003,3.3935483870967746
287,Creemore Springs Premium Lager,2004,3.5272727272727264
288,Creemore Springs Premium Lager,2005,3.6323529411764706
289,Creemore Springs Premium Lager,2006,3.4083333333333328
290,Creemore Springs Premium Lager,2007,3.028947368421052
291,Creemore Springs Premium Lager,2008,3.358333333333333
292,Creemore Springs Premium Lager,2009,3.1583333333333328
293,Creemore Springs Premium Lager,2010,3.3999999999999995
294,Creemore Springs Premium Lager,2011,2.9916666666666667
295,Creemore Springs Premium Lager,2012,3.087500000000001
296,Creemore Springs Premium Lager,2013,3.202439024390244
297,Creemore Springs Premium Lager,2014,2.9599999999999995
298,Creemore Springs Premium Lager,2015,3.183333333333334
299,Creemore Springs Premium Lager,2016,2.9791666666666665
300,Creemore Springs Premium Lager,2017,3.6
301,Creemore Springs Premium Lager,2018,3.3111111111111113
302,Creemore Springs Premium Lager,2019,2.966666666666667
303,Creemore Springs Premium Lager,2020,3.75
304,DAB Original,2001,3.1066666666666665
305,DAB Original,2002,3.0657894736842106
306,DAB Original,2003,2.617543859649123
307,DAB Original,2004,2.714285714285714
308,DAB Original,2005,2.629850746268656
309,DAB Original,2006,2.6984848484848487
310,DAB Original,2007,2.5294117647058827
311,DAB Original,2008,2.6056338028169006
312,DAB Original,2009,2.5999999999999996
313,DAB Original,2010,2.6982758620689653
314,DAB Original,2011,2.5319148936170213
315,DAB Original,2012,2.7757142857142862
316,DAB Original,2013,2.585483870967741
317,DAB Original,2014,2.2514285714285713
318,DAB Original,2015,2.6519999999999997
319,DAB Original,2016,2.576923076923077
320,DAB Original,2017,2.8411764705882354
321,DAB Original,2018,2.4062500000000004
322,DAB Original,2019,2.9
323,DAB Original,2020,2.825
324,DAB Original,2021,2.6
325,Dieu du Ciel! Péché Mortel (Bourbon),2009,4.442105263157896
326,Dieu du Ciel! Péché Mortel (Bourbon),2010,4.1
327,Dieu du Ciel! Péché Mortel (Bourbon),2011,4.145454545454545
328,Dieu du Ciel! Péché Mortel (Bourbon),2012,4.192063492063491
329,Dieu du Ciel! Péché Mortel (Bourbon),2013,4.147435897435898
330,Dieu du Ciel! Péché Mortel (Bourbon),2014,4.155882352941177
331,Dieu du Ciel! Péché Mortel (Bourbon),2015,4.3769230769230765
332,Dieu du Ciel! Péché Mortel (Bourbon),2016,4.197368421052633
333,Dieu du Ciel! Péché Mortel (Bourbon),2017,4.208510638297872
334,Dieu du Ciel! Péché Mortel (Bourbon),2018,4.205263157894737
335,Dieu du Ciel! Péché Mortel (Bourbon),2019,4.064285714285714
336,Dieu du Ciel! Péché Mortel (Bourbon),2020,4.285714285714286
337,Dos Equis XX Special Lager,2000,2.55
338,Dos Equis XX Special Lager,2001,2.903030303030303
339,Dos Equis XX Special Lager,2002,2.5494949494949495
340,Dos Equis XX Special Lager,2003,2.215294117647059
341,Dos Equis XX Special Lager,2004,2.0733333333333337
342,Dos Equis XX Special Lager,2005,2.0397959183673473
343,Dos Equis XX Special Lager,2006,2.0435294117647063
344,Dos Equis XX Special Lager,2007,2.1153846153846154
345,Dos Equis XX Special Lager,2008,2.0333333333333337
346,Dos Equis XX Special Lager,2009,2.0330434782608693
347,Dos Equis XX Special Lager,2010,1.9772727272727268
348,Dos Equis XX Special Lager,2011,1.964197530864198
349,Dos Equis XX Special Lager,2012,2.0622807017543865
350,Dos Equis XX Special Lager,2013,2.1181034482758614
351,Dos Equis XX Special Lager,2014,2.00990099009901
352,Dos Equis XX Special Lager,2015,2.0342857142857143
353,Dos Equis XX Special Lager,2016,2.1345454545454534
354,Dos Equis XX Special Lager,2017,2.3127659574468087
355,Dos Equis XX Special Lager,2018,2.6370370370370364
356,Dos Equis XX Special Lager,2019,2.5608695652173914
357,Dos Equis XX Special Lager,2020,2.253846153846154
358,Dos Equis XX Special Lager,2021,1.9600000000000002
359,Dragon Stout,2000,3.3000000000000003
360,Dragon Stout,2001,3.6400000000000006
361,Dragon Stout,2002,3.2028571428571424
362,Dragon Stout,2003,3.3875000000000006
363,Dragon Stout,2004,3.414893617021276
364,Dragon Stout,2005,3.3767441860465115
365,Dragon Stout,2006,3.314814814814815
366,Dragon Stout,2007,3.010975609756098
367,Dragon Stout,2008,3.0151898734177216
368,Dragon Stout,2009,3.2224489795918374
369,Dragon Stout,2010,2.957894736842105
370,Dragon Stout,2011,2.800000000000001
371,Dragon Stout,2012,2.8797101449275364
372,Dragon Stout,2013,3.1499999999999995
373,Dragon Stout,2014,3.0134615384615375
374,Dragon Stout,2015,3.1923076923076925
375,Dragon Stout,2016,2.994285714285715
376,Dragon Stout,2017,3.2086956521739127
377,Dragon Stout,2018,3.088461538461538
378,Dragon Stout,2019,3.19375
379,Dragon Stout,2020,3.121428571428571
380,Dragon Stout,2021,3.4
381,Driftwood Fat Tug IPA,2010,3.5799999999999996
382,Driftwood Fat Tug IPA,2011,3.828125
383,Driftwood Fat Tug IPA,2012,3.841935483870969
384,Driftwood Fat Tug IPA,2013,4.031818181818182
385,Driftwood Fat Tug IPA,2014,4.041666666666666
386,Driftwood Fat Tug IPA,2015,3.820338983050847
387,Driftwood Fat Tug IPA,2016,3.823958333333333
388,Driftwood Fat Tug IPA,2017,3.881818181818182
389,Driftwood Fat Tug IPA,2018,3.278571428571429
390,Driftwood Fat Tug IPA,2019,3.599999999999999
391,Driftwood Fat Tug IPA,2020,3.9
392,Driftwood Sartori Harvest IPA,2009,4.066666666666666
393,Driftwood Sartori Harvest IPA,2010,3.7
394,Driftwood Sartori Harvest IPA,2011,4.0874999999999995
395,Driftwood Sartori Harvest IPA,2012,4.236363636363635
396,Driftwood Sartori Harvest IPA,2013,4.0125
397,Driftwood Sartori Harvest IPA,2014,3.9124999999999996
398,Driftwood Sartori Harvest IPA,2015,3.988888888888889
399,Driftwood Sartori Harvest IPA,2016,3.366666666666667
400,Driftwood Sartori Harvest IPA,2017,3.733333333333333
401,Driftwood Sartori Harvest IPA,2018,3.9
402,Driftwood Sartori Harvest IPA,2020,4.0
403,Erdinger Weissbier,2000,3.175
404,Erdinger Weissbier,2001,3.426666666666667
405,Erdinger Weissbier,2002,3.184057971014492
406,Erdinger Weissbier,2003,3.1407407407407413
407,Erdinger Weissbier,2004,3.164077669902913
408,Erdinger Weissbier,2005,3.1806666666666663
409,Erdinger Weissbier,2006,3.0846153846153843
410,Erdinger Weissbier,2007,3.124324324324323
411,Erdinger Weissbier,2008,3.1524096385542157
412,Erdinger Weissbier,2009,3.132075471698113
413,Erdinger Weissbier,2010,3.0822580645161306
414,Erdinger Weissbier,2011,3.1557046979865766
415,Erdinger Weissbier,2012,3.1734806629834234
416,Erdinger Weissbier,2013,3.2608888888888896
417,Erdinger Weissbier,2014,3.1292000000000004
418,Erdinger Weissbier,2015,3.1368421052631583
419,Erdinger Weissbier,2016,3.1145299145299137
420,Erdinger Weissbier,2017,3.17720588235294
421,Erdinger Weissbier,2018,3.124691358024691
422,Erdinger Weissbier,2019,3.1843750000000006
423,Erdinger Weissbier,2020,3.2159090909090917
424,Erdinger Weissbier,2021,3.4666666666666663
425,Estrella Damm (5.4%),2001,2.2222222222222223
426,Estrella Damm (5.4%),2002,1.9
427,Estrella Damm (5.4%),2003,1.9999999999999998
428,Estrella Damm (5.4%),2004,2.322727272727273
429,Estrella Damm (5.4%),2005,2.5555555555555554
430,Estrella Damm (5.4%),2006,2.224
431,Estrella Damm (5.4%),2007,1.8851851851851849
432,Estrella Damm (5.4%),2008,2.175892857142858
433,Estrella Damm (5.4%),2009,2.098333333333333
434,Estrella Damm (5.4%),2010,2.1086956521739126
435,Estrella Damm (5.4%),2011,2.203296703296704
436,Estrella Damm (5.4%),2012,2.163809523809524
437,Estrella Damm (5.4%),2013,2.2159090909090917
438,Estrella Damm (5.4%),2014,2.2351648351648357
439,Estrella Damm (5.4%),2015,2.2280487804878035
440,Estrella Damm (5.4%),2016,2.219148936170213
441,Estrella Damm (5.4%),2017,2.3793103448275863
442,Estrella Damm (5.4%),2018,2.4729166666666664
443,Estrella Damm (5.4%),2019,2.4371428571428573
444,Estrella Damm (5.4%),2020,2.676923076923077
445,Estrella Damm (5.4%),2021,2.3
446,Flying Monkeys 12 Minutes to Destiny,2012,3.9333333333333336
447,Flying Monkeys 12 Minutes to Destiny,2015,3.3851851851851857
448,Flying Monkeys 12 Minutes to Destiny,2016,3.1799999999999993
449,Flying Monkeys 12 Minutes to Destiny,2017,3.236842105263158
450,Flying Monkeys 12 Minutes to Destiny,2018,3.3666666666666667
451,Flying Monkeys 12 Minutes to Destiny,2019,2.88
452,Flying Monkeys 12 Minutes to Destiny,2020,2.7
453,Four Winds Nectarous,2014,3.8499999999999996
454,Four Winds Nectarous,2015,4.088571428571427
455,Four Winds Nectarous,2016,3.9586956521739127
456,Four Winds Nectarous,2017,3.9173913043478272
457,Four Winds Nectarous,2018,3.7571428571428567
458,Four Winds Nectarous,2019,3.9500000000000006
459,Four Winds Nectarous,2020,3.633333333333333
460,Four Winds Nectarous,2021,4.1
461,Goose Island IPA Now,2018,3.0
462,Goose Island IPA Now,2019,3.35
463,Goose Island IPA Now,2020,3.4
464,Great Lakes Brewery Canuck Pale Ale,2010,3.279310344827586
465,Great Lakes Brewery Canuck Pale Ale,2011,3.575
466,Great Lakes Brewery Canuck Pale Ale,2012,3.467741935483871
467,Great Lakes Brewery Canuck Pale Ale,2013,3.4925925925925934
468,Great Lakes Brewery Canuck Pale Ale,2014,3.611111111111111
469,Great Lakes Brewery Canuck Pale Ale,2015,3.6230769230769226
470,Great Lakes Brewery Canuck Pale Ale,2016,3.5266666666666664
471,Great Lakes Brewery Canuck Pale Ale,2017,3.4625000000000004
472,Great Lakes Brewery Canuck Pale Ale,2018,3.12
473,Great Lakes Brewery Canuck Pale Ale,2019,3.475
474,Guinness Draught,2000,4.148
475,Guinness Draught,2001,3.9646067415730344
476,Guinness Draught,2002,3.679586563307493
477,Guinness Draught,2003,3.541176470588235
478,Guinness Draught,2004,3.544660194174756
479,Guinness Draught,2005,3.393131868131867
480,Guinness Draught,2006,3.5359195402298877
481,Guinness Draught,2007,3.39036402569593
482,Guinness Draught,2008,3.4348448687350843
483,Guinness Draught,2009,3.4201892744479476
484,Guinness Draught,2010,3.3620155038759676
485,Guinness Draught,2011,3.4153526970954338
486,Guinness Draught,2012,3.4565088757396456
487,Guinness Draught,2013,3.3835164835164857
488,Guinness Draught,2014,3.3633540372670816
489,Guinness Draught,2015,3.2815094339622646
490,Guinness Draught,2016,3.358421052631579
491,Guinness Draught,2017,3.321973094170403
492,Guinness Draught,2018,3.4161073825503347
493,Guinness Draught,2019,3.5518867924528315
494,Guinness Draught,2020,3.4894736842105254
495,Guinness Draught,2021,3.866666666666667
496,Harp Lager,2000,2.911111111111111
497,Harp Lager,2001,3.274157303370787
498,Harp Lager,2002,3.1106060606060617
499,Harp Lager,2003,2.9419161676646723
500,Harp Lager,2004,2.855625
501,Harp Lager,2005,2.74335260115607
502,Harp Lager,2006,2.746979865771811
503,Harp Lager,2007,2.7162499999999996
504,Harp Lager,2008,2.68855421686747
505,Harp Lager,2009,2.6129032258064524
506,Harp Lager,2010,2.5553846153846154
507,Harp Lager,2011,2.54
508,Harp Lager,2012,2.6111111111111125
509,Harp Lager,2013,2.634567901234568
510,Harp Lager,2014,2.7411764705882367
511,Harp Lager,2015,2.557142857142857
512,Harp Lager,2016,2.546666666666667
513,Harp Lager,2017,2.6374999999999997
514,Harp Lager,2018,2.425
515,Harp Lager,2019,3.123076923076923
516,Harp Lager,2020,2.6833333333333336
517,Harp Lager,2021,1.2
518,Heineken,2000,1.8705882352941177
519,Heineken,2001,2.3993421052631576
520,Heineken,2002,2.312944983818771
521,Heineken,2003,2.2199999999999993
522,Heineken,2004,2.1112820512820516
523,Heineken,2005,2.038297872340425
524,Heineken,2006,2.0947955390334565
525,Heineken,2007,2.1253164556962028
526,Heineken,2008,2.0668769716088318
527,Heineken,2009,2.0340000000000003
528,Heineken,2010,1.9670807453416146
529,Heineken,2011,1.9948863636363634
530,Heineken,2012,2.2003773584905657
531,Heineken,2013,2.189051094890511
532,Heineken,2014,2.0999999999999988
533,Heineken,2015,2.1779342723004698
534,Heineken,2016,2.240789473684211
535,Heineken,2017,2.146308724832215
536,Heineken,2018,2.426548672566373
537,Heineken,2019,2.3607843137254902
538,Heineken,2020,2.564444444444444
539,Heineken,2021,1.35
540,Hoegaarden Grand Cru,2000,1.8
541,Hoegaarden Grand Cru,2001,3.8000000000000003
542,Hoegaarden Grand Cru,2002,3.5263157894736836
543,Hoegaarden Grand Cru,2003,3.5673913043478267
544,Hoegaarden Grand Cru,2004,3.6511111111111103
545,Hoegaarden Grand Cru,2005,3.585937499999999
546,Hoegaarden Grand Cru,2006,3.5488372093023246
547,Hoegaarden Grand Cru,2007,3.5082352941176476
548,Hoegaarden Grand Cru,2008,3.607272727272728
549,Hoegaarden Grand Cru,2009,3.5711864406779648
550,Hoegaarden Grand Cru,2010,3.5833333333333335
551,Hoegaarden Grand Cru,2011,3.4500000000000006
552,Hoegaarden Grand Cru,2012,3.6924050632911407
553,Hoegaarden Grand Cru,2013,3.585714285714285
554,Hoegaarden Grand Cru,2014,3.5474358974358973
555,Hoegaarden Grand Cru,2015,3.6597402597402606
556,Hoegaarden Grand Cru,2016,3.5745454545454556
557,Hoegaarden Grand Cru,2017,3.5599999999999996
558,Hoegaarden Grand Cru,2018,3.4903225806451617
559,Hoegaarden Grand Cru,2019,3.454166666666666
560,Hoegaarden Grand Cru,2020,3.6304347826086962
561,Hoegaarden Grand Cru,2021,3.3499999999999996
562,Innis & Gunn The Original,2003,3.2875000000000005
563,Innis & Gunn The Original,2004,3.3399999999999994
564,Innis & Gunn The Original,2005,3.1783132530120484
565,Innis & Gunn The Original,2006,3.1669999999999994
566,Innis & Gunn The Original,2007,3.1805825242718444
567,Innis & Gunn The Original,2008,3.3184466019417473
568,Innis & Gunn The Original,2009,3.283720930232558
569,Innis & Gunn The Original,2010,3.293975903614458
570,Innis & Gunn The Original,2011,3.173333333333334
571,Innis & Gunn The Original,2012,3.2696132596685086
572,Innis & Gunn The Original,2013,3.243023255813953
573,Innis & Gunn The Original,2014,3.210666666666668
574,Innis & Gunn The Original,2015,3.306923076923078
575,Innis & Gunn The Original,2016,3.1826530612244888
576,Innis & Gunn The Original,2017,3.1807692307692315
577,Innis & Gunn The Original,2018,3.2842696629213473
578,Innis & Gunn The Original,2019,3.3022222222222206
579,Innis & Gunn The Original,2020,3.2227272727272718
580,Innis & Gunn The Original,2021,3.35
581,Kirin Ichiban,2000,2.1333333333333333
582,Kirin Ichiban,2001,2.528571428571428
583,Kirin Ichiban,2002,2.282608695652174
584,Kirin Ichiban,2003,2.216666666666666
585,Kirin Ichiban,2004,2.1037974683544305
586,Kirin Ichiban,2005,2.0540540540540544
587,Kirin Ichiban,2006,2.1601562499999987
588,Kirin Ichiban,2007,2.130188679245283
589,Kirin Ichiban,2008,2.1500000000000004
590,Kirin Ichiban,2009,2.0388888888888883
591,Kirin Ichiban,2010,2.0804123711340203
592,Kirin Ichiban,2011,2.241441441441441
593,Kirin Ichiban,2012,2.2709876543209884
594,Kirin Ichiban,2013,2.134161490683229
595,Kirin Ichiban,2014,2.2664335664335655
596,Kirin Ichiban,2015,2.301941747572816
597,Kirin Ichiban,2016,2.3666666666666667
598,Kirin Ichiban,2017,2.623684210526315
599,Kirin Ichiban,2018,2.453623188405797
600,Kirin Ichiban,2019,2.406521739130435
601,Kirin Ichiban,2020,2.396
602,Kirin Ichiban,2021,2.3000000000000003
603,Kona Big Wave Golden Ale,2000,2.8
604,Kona Big Wave Golden Ale,2001,2.9
605,Kona Big Wave Golden Ale,2002,2.4285714285714284
606,Kona Big Wave Golden Ale,2003,2.9583333333333326
607,Kona Big Wave Golden Ale,2004,2.075
608,Kona Big Wave Golden Ale,2005,2.6333333333333337
609,Kona Big Wave Golden Ale,2006,2.693333333333334
610,Kona Big Wave Golden Ale,2007,2.7
611,Kona Big Wave Golden Ale,2008,2.78125
612,Kona Big Wave Golden Ale,2009,2.6239999999999997
613,Kona Big Wave Golden Ale,2010,3.1666666666666665
614,Kona Big Wave Golden Ale,2011,2.772727272727273
615,Kona Big Wave Golden Ale,2012,3.012857142857144
616,Kona Big Wave Golden Ale,2013,3.0356807511737083
617,Kona Big Wave Golden Ale,2014,3.0693877551020408
618,Kona Big Wave Golden Ale,2015,3.05859872611465
619,Kona Big Wave Golden Ale,2016,3.029861111111112
620,Kona Big Wave Golden Ale,2017,3.1147435897435902
621,Kona Big Wave Golden Ale,2018,3.1125000000000003
622,Kona Big Wave Golden Ale,2019,3.0298245614035086
623,Kona Big Wave Golden Ale,2020,3.162962962962963
624,Kona Big Wave Golden Ale,2021,3.1333333333333333
625,Kozel Cerný (Dark),2000,2.0
626,Kozel Cerný (Dark),2001,3.4428571428571426
627,Kozel Cerný (Dark),2002,3.5538461538461537
628,Kozel Cerný (Dark),2003,3.308333333333335
629,Kozel Cerný (Dark),2004,3.263636363636364
630,Kozel Cerný (Dark),2005,3.217948717948718
631,Kozel Cerný (Dark),2006,3.1666666666666683
632,Kozel Cerný (Dark),2007,3.0568627450980395
633,Kozel Cerný (Dark),2008,3.014545454545454
634,Kozel Cerný (Dark),2009,3.0390243902439025
635,Kozel Cerný (Dark),2010,3.1812500000000004
636,Kozel Cerný (Dark),2011,2.8833333333333337
637,Kozel Cerný (Dark),2012,3.0476923076923077
638,Kozel Cerný (Dark),2013,3.0183098591549293
639,Kozel Cerný (Dark),2014,2.998863636363636
640,Kozel Cerný (Dark),2015,2.8467889908256883
641,Kozel Cerný (Dark),2016,2.951162790697674
642,Kozel Cerný (Dark),2017,2.786746987951806
643,Kozel Cerný (Dark),2018,3.0171875
644,Kozel Cerný (Dark),2019,2.9539682539682546
645,Kozel Cerný (Dark),2020,2.964516129032258
646,Kozel Cerný (Dark),2021,3.4333333333333336
647,Krombacher Pils,2000,3.1
648,Krombacher Pils,2001,3.2125000000000004
649,Krombacher Pils,2002,3.0325
650,Krombacher Pils,2003,2.8440000000000003
651,Krombacher Pils,2004,2.7333333333333334
652,Krombacher Pils,2005,2.857142857142857
653,Krombacher Pils,2006,2.871428571428571
654,Krombacher Pils,2007,2.7625000000000006
655,Krombacher Pils,2008,2.7375
656,Krombacher Pils,2009,2.645714285714286
657,Krombacher Pils,2010,2.8333333333333335
658,Krombacher Pils,2011,2.848717948717949
659,Krombacher Pils,2012,2.84017857142857
660,Krombacher Pils,2013,2.7138613861386145
661,Krombacher Pils,2014,2.7899159663865527
662,Krombacher Pils,2015,2.7455445544554458
663,Krombacher Pils,2016,2.624390243902439
664,Krombacher Pils,2017,2.665151515151515
665,Krombacher Pils,2018,2.7741379310344834
666,Krombacher Pils,2019,2.735714285714286
667,Krombacher Pils,2020,2.915625
668,Krombacher Pils,2021,2.9
669,Kronenbourg 1664 Blanc,2004,3.2222222222222228
670,Kronenbourg 1664 Blanc,2005,2.664516129032258
671,Kronenbourg 1664 Blanc,2006,2.7024999999999997
672,Kronenbourg 1664 Blanc,2007,2.3913793103448273
673,Kronenbourg 1664 Blanc,2008,2.728205128205128
674,Kronenbourg 1664 Blanc,2009,2.427272727272727
675,Kronenbourg 1664 Blanc,2010,2.835
676,Kronenbourg 1664 Blanc,2011,2.804651162790698
677,Kronenbourg 1664 Blanc,2012,2.8249999999999997
678,Kronenbourg 1664 Blanc,2013,2.8262626262626256
679,Kronenbourg 1664 Blanc,2014,2.7669354838709674
680,Kronenbourg 1664 Blanc,2015,2.820689655172414
681,Kronenbourg 1664 Blanc,2016,2.8208955223880605
682,Kronenbourg 1664 Blanc,2017,2.8615384615384603
683,Kronenbourg 1664 Blanc,2018,2.8559322033898304
684,Kronenbourg 1664 Blanc,2019,2.9078651685393266
685,Kronenbourg 1664 Blanc,2020,3.0457142857142854
686,Kronenbourg 1664 Blanc,2021,2.7857142857142856
687,MacKinnon Brothers Red Fox,2015,3.2
688,MacKinnon Brothers Red Fox,2016,3.275
689,MacKinnon Brothers Red Fox,2017,3.25
690,MacKinnon Brothers Red Fox,2018,3.3
691,MacKinnon Brothers Red Fox,2019,3.15
692,MacKinnon Brothers Red Fox,2020,3.3666666666666667
693,Maclay's Traditional Pale Ale,2002,3.3
694,Maclay's Traditional Pale Ale,2003,2.1
695,Maclay's Traditional Pale Ale,2005,1.785714285714286
696,Maclay's Traditional Pale Ale,2006,2.0300000000000002
697,Maclay's Traditional Pale Ale,2007,2.0324999999999998
698,Maclay's Traditional Pale Ale,2008,2.0
699,Maclay's Traditional Pale Ale,2009,2.04
700,Maclay's Traditional Pale Ale,2010,2.075
701,Maclay's Traditional Pale Ale,2011,2.1399999999999997
702,Maclay's Traditional Pale Ale,2012,2.1
703,Maclay's Traditional Pale Ale,2013,2.55
704,Maclay's Traditional Pale Ale,2014,2.0
705,Maclay's Traditional Pale Ale,2015,1.6749999999999998
706,Maclay's Traditional Pale Ale,2016,2.2
707,Maclay's Traditional Pale Ale,2017,0.8
708,Maclay's Traditional Pale Ale,2018,1.4
709,Mad Jack Apple Lager,2014,2.64
710,Mad Jack Apple Lager,2015,2.142857142857143
711,Mad Jack Apple Lager,2016,2.2
712,Mad Jack Apple Lager,2017,1.8333333333333333
713,Mad Jack Apple Lager,2018,2.0
714,Mad Jack Apple Lager,2019,2.5666666666666664
715,Maisel & Friends Marc's Chocolate Bock,2012,3.8500000000000005
716,Maisel & Friends Marc's Chocolate Bock,2013,3.5
717,Maisel & Friends Marc's Chocolate Bock,2014,3.5481927710843353
718,Maisel & Friends Marc's Chocolate Bock,2015,3.6770270270270267
719,Maisel & Friends Marc's Chocolate Bock,2016,3.716279069767442
720,Maisel & Friends Marc's Chocolate Bock,2017,3.672413793103448
721,Maisel & Friends Marc's Chocolate Bock,2018,3.702857142857143
722,Maisel & Friends Marc's Chocolate Bock,2019,3.6599999999999997
723,Maisel & Friends Marc's Chocolate Bock,2020,3.7312499999999997
724,Maisel & Friends Marc's Chocolate Bock,2021,3.4
725,Michelob Ultra,2002,1.053932584269663
726,Michelob Ultra,2003,0.8891891891891893
727,Michelob Ultra,2004,0.9409090909090904
728,Michelob Ultra,2005,1.0042735042735045
729,Michelob Ultra,2006,1.006796116504854
730,Michelob Ultra,2007,1.118666666666666
731,Michelob Ultra,2008,1.2195312499999993
732,Michelob Ultra,2009,1.1191176470588238
733,Michelob Ultra,2010,1.2901960784313722
734,Michelob Ultra,2011,1.1702127659574468
735,Michelob Ultra,2012,1.2634408602150533
736,Michelob Ultra,2013,1.1876712328767123
737,Michelob Ultra,2014,1.4294117647058822
738,Michelob Ultra,2015,1.5714285714285714
739,Michelob Ultra,2016,1.694871794871795
740,Michelob Ultra,2017,1.8192307692307692
741,Michelob Ultra,2018,1.789655172413793
742,Michelob Ultra,2019,1.823076923076923
743,Michelob Ultra,2020,1.5999999999999999
744,Michelob Ultra,2021,2.4
745,Mickeys Fine Malt Liquor,2000,2.0
746,Mickeys Fine Malt Liquor,2001,2.095348837209302
747,Mickeys Fine Malt Liquor,2002,1.8509259259259256
748,Mickeys Fine Malt Liquor,2003,1.7108108108108104
749,Mickeys Fine Malt Liquor,2004,1.7123076923076919
750,Mickeys Fine Malt Liquor,2005,1.6791044776119401
751,Mickeys Fine Malt Liquor,2006,1.5950819672131151
752,Mickeys Fine Malt Liquor,2007,1.8549450549450544
753,Mickeys Fine Malt Liquor,2008,1.4894117647058824
754,Mickeys Fine Malt Liquor,2009,1.5543859649122809
755,Mickeys Fine Malt Liquor,2010,1.9666666666666663
756,Mickeys Fine Malt Liquor,2011,1.8166666666666664
757,Mickeys Fine Malt Liquor,2012,1.6475000000000004
758,Mickeys Fine Malt Liquor,2013,1.932432432432433
759,Mickeys Fine Malt Liquor,2014,1.8135135135135136
760,Mickeys Fine Malt Liquor,2015,2.111538461538461
761,Mickeys Fine Malt Liquor,2016,2.4916666666666667
762,Mickeys Fine Malt Liquor,2017,2.3625000000000003
763,Mickeys Fine Malt Liquor,2018,3.0374999999999996
764,Mickeys Fine Malt Liquor,2019,3.8400000000000007
765,Mickeys Fine Malt Liquor,2020,2.0
766,Mickeys Fine Malt Liquor,2021,2.0
767,Midnight Sun M,2005,4.103571428571429
768,Midnight Sun M,2006,4.08235294117647
769,Midnight Sun M,2007,4.387499999999999
770,Midnight Sun M,2008,4.4375
771,Midnight Sun M,2009,4.376470588235294
772,Midnight Sun M,2010,4.5125
773,Midnight Sun M,2011,4.7
774,Midnight Sun M,2012,4.45
775,Midnight Sun M,2013,4.116666666666666
776,Midnight Sun M,2014,4.37
777,Midnight Sun M,2015,4.466666666666667
778,Midnight Sun M,2016,4.800000000000001
779,Midnight Sun M,2017,4.3
780,Midnight Sun M,2018,4.6
781,Mill Street Original Organic Lager,2002,3.0
782,Mill Street Original Organic Lager,2003,2.483333333333333
783,Mill Street Original Organic Lager,2004,2.533333333333333
784,Mill Street Original Organic Lager,2005,2.4714285714285715
785,Mill Street Original Organic Lager,2006,2.484210526315789
786,Mill Street Original Organic Lager,2007,1.9766666666666666
787,Mill Street Original Organic Lager,2008,2.473684210526316
788,Mill Street Original Organic Lager,2009,2.0727272727272728
789,Mill Street Original Organic Lager,2010,2.2705882352941176
790,Mill Street Original Organic Lager,2011,2.276923076923077
791,Mill Street Original Organic Lager,2012,2.4281249999999996
792,Mill Street Original Organic Lager,2013,2.5352941176470587
793,Mill Street Original Organic Lager,2014,2.6370370370370373
794,Mill Street Original Organic Lager,2015,2.54375
795,Mill Street Original Organic Lager,2016,2.5958333333333337
796,Mill Street Original Organic Lager,2017,2.73
797,Mill Street Original Organic Lager,2018,2.7666666666666666
798,Mill Street Original Organic Lager,2019,3.4
799,Mill Street Original Organic Lager,2020,2.1
800,Miller Lite,2000,1.3333333333333333
801,Miller Lite,2001,1.608510638297872
802,Miller Lite,2002,1.6074074074074067
803,Miller Lite,2003,1.5938271604938279
804,Miller Lite,2004,1.3086419753086422
805,Miller Lite,2005,1.447337278106509
806,Miller Lite,2006,1.3005000000000013
807,Miller Lite,2007,1.3646209386281591
808,Miller Lite,2008,1.4720524017467256
809,Miller Lite,2009,1.2512499999999995
810,Miller Lite,2010,1.2798245614035093
811,Miller Lite,2011,1.4
812,Miller Lite,2012,1.5262773722627723
813,Miller Lite,2013,1.6145454545454543
814,Miller Lite,2014,1.7184873949579829
815,Miller Lite,2015,1.7328767123287674
816,Miller Lite,2016,1.7961538461538462
817,Miller Lite,2017,1.9647058823529415
818,Miller Lite,2018,2.7478260869565214
819,Miller Lite,2019,2.2086956521739136
820,Miller Lite,2020,1.936363636363636
821,Miller Lite,2021,3.85
822,Molson Carling Light,2006,0.8666666666666666
823,Molson Carling Light,2007,1.025
824,Molson Carling Light,2008,0.85
825,Molson Carling Light,2009,3.0
826,Molson Carling Light,2011,2.0
827,Molson Carling Light,2012,1.9
828,Molson Carling Light,2013,0.5
829,Molson Carling Light,2015,1.4
830,Molson Carling Light,2019,1.1
831,Moosehead Pale Ale,2000,3.1500000000000004
832,Moosehead Pale Ale,2001,3.1333333333333333
833,Moosehead Pale Ale,2002,2.908333333333333
834,Moosehead Pale Ale,2003,2.0625
835,Moosehead Pale Ale,2004,2.533333333333333
836,Moosehead Pale Ale,2005,1.8399999999999999
837,Moosehead Pale Ale,2006,2.3111111111111113
838,Moosehead Pale Ale,2007,2.4799999999999995
839,Moosehead Pale Ale,2008,1.8666666666666667
840,Moosehead Pale Ale,2009,1.936363636363636
841,Moosehead Pale Ale,2010,2.2882352941176465
842,Moosehead Pale Ale,2011,2.1807692307692315
843,Moosehead Pale Ale,2012,2.5888888888888886
844,Moosehead Pale Ale,2013,2.38
845,Moosehead Pale Ale,2014,2.506666666666667
846,Moosehead Pale Ale,2015,2.5400000000000005
847,Moosehead Pale Ale,2016,2.392857142857143
848,Moosehead Pale Ale,2017,2.65
849,Moosehead Pale Ale,2018,2.5368421052631582
850,Moosehead Pale Ale,2019,2.318181818181819
851,Moosehead Pale Ale,2020,2.6250000000000004
852,Moosehead Pale Ale,2021,2.5
853,Muskoka Cream Ale,2000,2.4
854,Muskoka Cream Ale,2001,3.266666666666666
855,Muskoka Cream Ale,2002,3.1222222222222222
856,Muskoka Cream Ale,2003,3.4428571428571426
857,Muskoka Cream Ale,2004,2.75
858,Muskoka Cream Ale,2005,3.45
859,Muskoka Cream Ale,2006,2.9714285714285715
860,Muskoka Cream Ale,2007,2.88
861,Muskoka Cream Ale,2008,2.936363636363636
862,Muskoka Cream Ale,2009,3.0615384615384618
863,Muskoka Cream Ale,2010,2.986363636363636
864,Muskoka Cream Ale,2011,2.4727272727272727
865,Muskoka Cream Ale,2012,2.9157894736842103
866,Muskoka Cream Ale,2013,3.2294117647058824
867,Muskoka Cream Ale,2014,3.0758620689655176
868,Muskoka Cream Ale,2015,3.12
869,Muskoka Cream Ale,2016,2.8454545454545452
870,Muskoka Cream Ale,2017,3.272727272727273
871,Muskoka Cream Ale,2018,3.1999999999999997
872,Muskoka Cream Ale,2019,3.525
873,Muskoka Cream Ale,2020,3.0
874,Muskoka Mad Tom IPA,2011,3.6649350649350656
875,Muskoka Mad Tom IPA,2012,3.7013888888888897
876,Muskoka Mad Tom IPA,2013,3.7693548387096776
877,Muskoka Mad Tom IPA,2014,3.644927536231884
878,Muskoka Mad Tom IPA,2015,3.594285714285714
879,Muskoka Mad Tom IPA,2016,3.4173913043478263
880,Muskoka Mad Tom IPA,2017,3.522727272727272
881,Muskoka Mad Tom IPA,2018,3.5833333333333326
882,Muskoka Mad Tom IPA,2019,3.8833333333333333
883,Muskoka Mad Tom IPA,2020,2.9
884,Muskoka Mad Tom IPA,2021,3.5
885,Newcastle Brown Ale (Non-US Version),2000,3.686363636363636
886,Newcastle Brown Ale (Non-US Version),2001,3.5178571428571432
887,Newcastle Brown Ale (Non-US Version),2002,3.2641114982578405
888,Newcastle Brown Ale (Non-US Version),2003,3.068032786885246
889,Newcastle Brown Ale (Non-US Version),2004,3.003529411764708
890,Newcastle Brown Ale (Non-US Version),2005,2.9265682656826564
891,Newcastle Brown Ale (Non-US Version),2006,3.066019417475727
892,Newcastle Brown Ale (Non-US Version),2007,3.019658119658119
893,Newcastle Brown Ale (Non-US Version),2008,3.0874608150470233
894,Newcastle Brown Ale (Non-US Version),2009,2.9439814814814786
895,Newcastle Brown Ale (Non-US Version),2010,2.869999999999999
896,Newcastle Brown Ale (Non-US Version),2011,2.855367231638419
897,Newcastle Brown Ale (Non-US Version),2012,2.924031007751939
898,Newcastle Brown Ale (Non-US Version),2013,2.8794776119402976
899,Newcastle Brown Ale (Non-US Version),2014,2.7871921182266
900,Newcastle Brown Ale (Non-US Version),2015,2.7303370786516856
901,Newcastle Brown Ale (Non-US Version),2016,2.8250000000000006
902,Newcastle Brown Ale (Non-US Version),2017,2.8762711864406767
903,Newcastle Brown Ale (Non-US Version),2018,2.832307692307692
904,Newcastle Brown Ale (Non-US Version),2019,2.842857142857143
905,Newcastle Brown Ale (Non-US Version),2020,2.8555555555555556
906,Newcastle Brown Ale (Non-US Version),2021,2.5599999999999996
907,Nickel Brook Glory & Gold,2019,3.3000000000000003
908,Nickel Brook Glory & Gold,2020,3.690909090909091
909,NÃ¤rke Kaggen Stormaktsporter,2006,4.642857142857142
910,NÃ¤rke Kaggen Stormaktsporter,2007,4.466666666666667
911,NÃ¤rke Kaggen Stormaktsporter,2008,4.46842105263158
912,NÃ¤rke Kaggen Stormaktsporter,2009,4.496491228070178
913,NÃ¤rke Kaggen Stormaktsporter,2010,4.510679611650484
914,NÃ¤rke Kaggen Stormaktsporter,2011,4.51529411764706
915,NÃ¤rke Kaggen Stormaktsporter,2012,4.507894736842106
916,NÃ¤rke Kaggen Stormaktsporter,2013,4.468965517241379
917,NÃ¤rke Kaggen Stormaktsporter,2014,4.4
918,NÃ¤rke Kaggen Stormaktsporter,2015,4.575
919,NÃ¤rke Kaggen Stormaktsporter,2016,4.44
920,NÃ¤rke Kaggen Stormaktsporter,2017,4.633333333333334
921,NÃ¤rke Kaggen Stormaktsporter,2018,4.18
922,NÃ¤rke Kaggen Stormaktsporter,2019,4.294117647058823
923,NÃ¤rke Kaggen Stormaktsporter,2020,4.283333333333334
924,Old Milwaukee,2000,1.2625
925,Old Milwaukee,2001,1.3213114754098363
926,Old Milwaukee,2002,1.2646464646464646
927,Old Milwaukee,2003,1.4311475409836067
928,Old Milwaukee,2004,1.2546875000000002
929,Old Milwaukee,2005,1.5814814814814813
930,Old Milwaukee,2006,1.2781250000000002
931,Old Milwaukee,2007,1.2586666666666668
932,Old Milwaukee,2008,1.3709677419354838
933,Old Milwaukee,2009,1.4177777777777776
934,Old Milwaukee,2010,1.3039999999999998
935,Old Milwaukee,2011,1.5347826086956524
936,Old Milwaukee,2012,1.5599999999999996
937,Old Milwaukee,2013,1.7545454545454546
938,Old Milwaukee,2014,1.6172413793103446
939,Old Milwaukee,2015,2.27
940,Old Milwaukee,2016,1.9090909090909092
941,Old Milwaukee,2017,2.2899999999999996
942,Old Milwaukee,2018,1.7399999999999998
943,Old Milwaukee,2019,2.888888888888889
944,Old Milwaukee,2020,1.1
945,Old Milwaukee,2021,2.2
946,Paradox Beer Candid Kaiser - American Style Pale Ale,2012,3.9250000000000003
947,Paradox Beer Candid Kaiser - American Style Pale Ale,2013,3.6666666666666665
948,Paulaner Oktoberfest Bier (Wiesn Bier),2000,3.9000000000000004
949,Paulaner Oktoberfest Bier (Wiesn Bier),2001,3.900000000000001
950,Paulaner Oktoberfest Bier (Wiesn Bier),2002,3.3357142857142854
951,Paulaner Oktoberfest Bier (Wiesn Bier),2003,3.479069767441861
952,Paulaner Oktoberfest Bier (Wiesn Bier),2004,3.208333333333334
953,Paulaner Oktoberfest Bier (Wiesn Bier),2005,3.1314814814814818
954,Paulaner Oktoberfest Bier (Wiesn Bier),2006,3.089361702127659
955,Paulaner Oktoberfest Bier (Wiesn Bier),2007,3.092857142857144
956,Paulaner Oktoberfest Bier (Wiesn Bier),2008,3.041095890410959
957,Paulaner Oktoberfest Bier (Wiesn Bier),2009,3.162222222222222
958,Paulaner Oktoberfest Bier (Wiesn Bier),2010,3.1718749999999987
959,Paulaner Oktoberfest Bier (Wiesn Bier),2011,3.0302521008403347
960,Paulaner Oktoberfest Bier (Wiesn Bier),2012,3.1275862068965514
961,Paulaner Oktoberfest Bier (Wiesn Bier),2013,3.153076923076922
962,Paulaner Oktoberfest Bier (Wiesn Bier),2014,3.1049180327868866
963,Paulaner Oktoberfest Bier (Wiesn Bier),2015,3.0280898876404496
964,Paulaner Oktoberfest Bier (Wiesn Bier),2016,3.023684210526315
965,Paulaner Oktoberfest Bier (Wiesn Bier),2017,3.114062500000001
966,Paulaner Oktoberfest Bier (Wiesn Bier),2018,3.101851851851853
967,Paulaner Oktoberfest Bier (Wiesn Bier),2019,3.079661016949153
968,Paulaner Oktoberfest Bier (Wiesn Bier),2020,3.2606060606060607
969,Paulaner Oktoberfest Bier (Wiesn Bier),2021,3.1333333333333333
970,Peroni,2000,2.866666666666667
971,Peroni,2001,2.3210526315789473
972,Peroni,2002,2.4391304347826095
973,Peroni,2003,2.175308641975309
974,Peroni,2004,2.1445945945945954
975,Peroni,2005,2.162962962962963
976,Peroni,2006,2.1746478873239434
977,Peroni,2007,1.9784090909090908
978,Peroni,2008,1.9649999999999996
979,Peroni,2009,2.1107142857142853
980,Peroni,2010,2.0938461538461537
981,Peroni,2011,2.085
982,Peroni,2012,1.9976744186046513
983,Peroni,2013,2.1541176470588237
984,Peroni,2014,1.9415730337078656
985,Peroni,2015,2.127710843373493
986,Peroni,2016,2.429787234042553
987,Peroni,2017,2.4319999999999995
988,Peroni,2018,2.5545454545454542
989,Peroni,2019,2.3999999999999995
990,Peroni,2020,2.45
991,Peroni,2021,1.8714285714285714
992,Pilsner Urquell,2000,3.408333333333333
993,Pilsner Urquell,2001,3.451249999999998
994,Pilsner Urquell,2002,3.4804347826086968
995,Pilsner Urquell,2003,3.3053140096618345
996,Pilsner Urquell,2004,3.3731481481481467
997,Pilsner Urquell,2005,3.336475409836066
998,Pilsner Urquell,2006,3.1938016528925606
999,Pilsner Urquell,2007,3.250161812297735
1000,Pilsner Urquell,2008,3.286451612903225
1001,Pilsner Urquell,2009,3.203755868544599
1002,Pilsner Urquell,2010,3.2046666666666686
1003,Pilsner Urquell,2011,3.2502732240437164
1004,Pilsner Urquell,2012,3.245418326693229
1005,Pilsner Urquell,2013,3.3241877256317665
1006,Pilsner Urquell,2014,3.272623574144488
1007,Pilsner Urquell,2015,3.2807308970099673
1008,Pilsner Urquell,2016,3.249537037037036
1009,Pilsner Urquell,2017,3.230088495575223
1010,Pilsner Urquell,2018,3.3476190476190495
1011,Pilsner Urquell,2019,3.4010101010100993
1012,Pilsner Urquell,2020,3.3707692307692296
1013,Pilsner Urquell,2021,3.46
1014,Rickard's Red,2000,2.25
1015,Rickard's Red,2001,3.3
1016,Rickard's Red,2002,3.3955555555555543
1017,Rickard's Red,2003,2.720689655172414
1018,Rickard's Red,2004,2.1843749999999997
1019,Rickard's Red,2005,2.3249999999999993
1020,Rickard's Red,2006,2.6368421052631574
1021,Rickard's Red,2007,2.460606060606061
1022,Rickard's Red,2008,2.558333333333333
1023,Rickard's Red,2009,2.5636363636363635
1024,Rickard's Red,2010,2.534782608695652
1025,Rickard's Red,2011,2.4516129032258056
1026,Rickard's Red,2012,2.370833333333333
1027,Rickard's Red,2013,2.1423076923076927
1028,Rickard's Red,2014,2.4166666666666665
1029,Rickard's Red,2015,2.9
1030,Rickard's Red,2016,2.838461538461538
1031,Rickard's Red,2017,2.8000000000000003
1032,Rickard's Red,2018,2.6875
1033,Rickard's Red,2019,3.1
1034,Rickard's Red,2020,5.0
1035,Samuel Smiths Organic Lager,2001,3.014285714285714
1036,Samuel Smiths Organic Lager,2002,3.0038461538461547
1037,Samuel Smiths Organic Lager,2003,3.0568965517241375
1038,Samuel Smiths Organic Lager,2004,3.126666666666667
1039,Samuel Smiths Organic Lager,2005,2.8962264150943384
1040,Samuel Smiths Organic Lager,2006,2.9912280701754375
1041,Samuel Smiths Organic Lager,2007,2.881818181818182
1042,Samuel Smiths Organic Lager,2008,2.846067415730338
1043,Samuel Smiths Organic Lager,2009,2.8499999999999996
1044,Samuel Smiths Organic Lager,2010,2.902127659574468
1045,Samuel Smiths Organic Lager,2011,3.018604651162791
1046,Samuel Smiths Organic Lager,2012,3.0781818181818177
1047,Samuel Smiths Organic Lager,2013,2.964516129032259
1048,Samuel Smiths Organic Lager,2014,3.1500000000000004
1049,Samuel Smiths Organic Lager,2015,3.2
1050,Samuel Smiths Organic Lager,2016,2.8000000000000003
1051,Samuel Smiths Organic Lager,2017,2.9166666666666674
1052,Samuel Smiths Organic Lager,2018,3.7
1053,Samuel Smiths Organic Lager,2019,3.56
1054,Samuel Smiths Organic Lager,2020,3.8
1055,San Miguel,2002,2.475
1056,San Miguel,2003,2.2714285714285714
1057,San Miguel,2004,1.9666666666666668
1058,San Miguel,2005,1.8909090909090909
1059,San Miguel,2006,1.666666666666667
1060,San Miguel,2007,1.7777777777777777
1061,San Miguel,2008,1.8611111111111112
1062,San Miguel,2009,1.9899999999999998
1063,San Miguel,2010,2.2444444444444445
1064,San Miguel,2011,2.092857142857143
1065,San Miguel,2012,1.955
1066,San Miguel,2013,1.807692307692308
1067,San Miguel,2014,1.9833333333333334
1068,San Miguel,2015,1.945454545454546
1069,San Miguel,2016,2.21
1070,San Miguel,2017,1.9421052631578946
1071,San Miguel,2018,2.0
1072,San Miguel,2019,1.8750000000000002
1073,San Miguel,2020,2.5
1074,San Miguel,2021,2.5
1075,Sapporo Premium Beer / Draft Beer,2000,2.35
1076,Sapporo Premium Beer / Draft Beer,2001,2.4063829787234043
1077,Sapporo Premium Beer / Draft Beer,2002,2.3648854961832053
1078,Sapporo Premium Beer / Draft Beer,2003,2.162727272727273
1079,Sapporo Premium Beer / Draft Beer,2004,2.1558558558558563
1080,Sapporo Premium Beer / Draft Beer,2005,2.045000000000001
1081,Sapporo Premium Beer / Draft Beer,2006,2.260431654676259
1082,Sapporo Premium Beer / Draft Beer,2007,2.192187499999999
1083,Sapporo Premium Beer / Draft Beer,2008,2.228930817610063
1084,Sapporo Premium Beer / Draft Beer,2009,2.166666666666667
1085,Sapporo Premium Beer / Draft Beer,2010,2.101408450704225
1086,Sapporo Premium Beer / Draft Beer,2011,2.2750000000000004
1087,Sapporo Premium Beer / Draft Beer,2012,2.2619469026548678
1088,Sapporo Premium Beer / Draft Beer,2013,2.235643564356435
1089,Sapporo Premium Beer / Draft Beer,2014,2.3046666666666678
1090,Sapporo Premium Beer / Draft Beer,2015,2.481914893617022
1091,Sapporo Premium Beer / Draft Beer,2016,2.410144927536232
1092,Sapporo Premium Beer / Draft Beer,2017,2.5142857142857133
1093,Sapporo Premium Beer / Draft Beer,2018,2.4760000000000004
1094,Sapporo Premium Beer / Draft Beer,2019,2.6466666666666665
1095,Sapporo Premium Beer / Draft Beer,2020,2.5249999999999995
1096,Sapporo Premium Beer / Draft Beer,2021,2.5285714285714285
1097,Shawn & Ed Lagershed Original,2016,3.2
1098,Shawn & Ed Lagershed Original,2017,2.4
1099,Shawn & Ed Lagershed Original,2018,3.3000000000000003
1100,Shawn & Ed Lagershed Original,2019,2.7000000000000006
1101,Sleeman Clear 2.0,2003,0.8099999999999999
1102,Sleeman Clear 2.0,2004,0.9567567567567569
1103,Sleeman Clear 2.0,2005,0.890909090909091
1104,Sleeman Clear 2.0,2006,0.95
1105,Sleeman Clear 2.0,2007,1.042857142857143
1106,Sleeman Clear 2.0,2008,1.2100000000000002
1107,Sleeman Clear 2.0,2009,1.2285714285714284
1108,Sleeman Clear 2.0,2010,1.0299999999999998
1109,Sleeman Clear 2.0,2011,1.4428571428571428
1110,Sleeman Clear 2.0,2012,0.75
1111,Sleeman Clear 2.0,2013,1.4000000000000001
1112,Sleeman Clear 2.0,2014,2.0
1113,Sleeman Clear 2.0,2015,1.322222222222222
1114,Sleeman Clear 2.0,2016,2.2600000000000002
1115,Sleeman Clear 2.0,2017,1.8499999999999999
1116,Sleeman Clear 2.0,2018,3.2
1117,Sleeman Clear 2.0,2019,2.5
1118,Sleeman Clear 2.0,2020,5.0
1119,Smithwick's Ale / Draught,2001,4.118181818181818
1120,Smithwick's Ale / Draught,2002,3.6838709677419357
1121,Smithwick's Ale / Draught,2003,3.36578947368421
1122,Smithwick's Ale / Draught,2004,3.19281045751634
1123,Smithwick's Ale / Draught,2005,2.9716814159292033
1124,Smithwick's Ale / Draught,2006,3.1973544973544987
1125,Smithwick's Ale / Draught,2007,3.0566115702479335
1126,Smithwick's Ale / Draught,2008,3.1282945736434113
1127,Smithwick's Ale / Draught,2009,3.0744966442953032
1128,Smithwick's Ale / Draught,2010,3.0099173553719023
1129,Smithwick's Ale / Draught,2011,2.920754716981132
1130,Smithwick's Ale / Draught,2012,2.9169354838709682
1131,Smithwick's Ale / Draught,2013,2.934615384615384
1132,Smithwick's Ale / Draught,2014,2.895145631067961
1133,Smithwick's Ale / Draught,2015,3.058730158730158
1134,Smithwick's Ale / Draught,2016,3.0999999999999988
1135,Smithwick's Ale / Draught,2017,3.1264705882352946
1136,Smithwick's Ale / Draught,2018,3.1
1137,Smithwick's Ale / Draught,2019,3.386666666666667
1138,Smithwick's Ale / Draught,2020,3.283333333333333
1139,Steam Whistle Pilsner,2001,2.5
1140,Steam Whistle Pilsner,2002,2.7583333333333333
1141,Steam Whistle Pilsner,2003,2.6565217391304348
1142,Steam Whistle Pilsner,2004,2.6833333333333336
1143,Steam Whistle Pilsner,2005,2.9935483870967743
1144,Steam Whistle Pilsner,2006,3.092592592592592
1145,Steam Whistle Pilsner,2007,3.065789473684211
1146,Steam Whistle Pilsner,2008,2.9333333333333336
1147,Steam Whistle Pilsner,2009,3.0250000000000004
1148,Steam Whistle Pilsner,2010,2.826923076923077
1149,Steam Whistle Pilsner,2011,2.694736842105263
1150,Steam Whistle Pilsner,2012,2.774999999999999
1151,Steam Whistle Pilsner,2013,2.7636363636363637
1152,Steam Whistle Pilsner,2014,2.6771428571428566
1153,Steam Whistle Pilsner,2015,2.873333333333333
1154,Steam Whistle Pilsner,2016,2.861111111111111
1155,Steam Whistle Pilsner,2017,3.1533333333333338
1156,Steam Whistle Pilsner,2018,3.0866666666666673
1157,Steam Whistle Pilsner,2019,2.9200000000000004
1158,Steam Whistle Pilsner,2020,4.0
1159,Stella Artois,2000,2.125
1160,Stella Artois,2001,3.067441860465117
1161,Stella Artois,2002,2.8319148936170206
1162,Stella Artois,2003,2.6305732484076434
1163,Stella Artois,2004,2.6475000000000013
1164,Stella Artois,2005,2.4806167400881067
1165,Stella Artois,2006,2.4687500000000004
1166,Stella Artois,2007,2.4927536231884053
1167,Stella Artois,2008,2.5208074534161478
1168,Stella Artois,2009,2.5429245283018864
1169,Stella Artois,2010,2.437647058823529
1170,Stella Artois,2011,2.4010471204188484
1171,Stella Artois,2012,2.4890688259109317
1172,Stella Artois,2013,2.4644897959183667
1173,Stella Artois,2014,2.459734513274337
1174,Stella Artois,2015,2.5269005847953214
1175,Stella Artois,2016,2.5318181818181804
1176,Stella Artois,2017,2.7185840707964597
1177,Stella Artois,2018,2.691578947368421
1178,Stella Artois,2019,2.9456140350877194
1179,Stella Artois,2020,2.5714285714285716
1180,Stella Artois,2021,2.6199999999999997
1181,Superstition Berry White,2014,4.549999999999999
1182,Superstition Berry White,2015,4.43846153846154
1183,Superstition Berry White,2016,4.3181818181818175
1184,Superstition Berry White,2017,4.2153846153846155
1185,Superstition Berry White,2018,4.260000000000001
1186,Superstition Berry White,2019,4.458333333333333
1187,Superstition Berry White,2020,4.357142857142857
1188,Tatra Jasne Pelne / Pils / Beer,2002,2.55
1189,Tatra Jasne Pelne / Pils / Beer,2003,2.5125
1190,Tatra Jasne Pelne / Pils / Beer,2004,1.8583333333333332
1191,Tatra Jasne Pelne / Pils / Beer,2005,2.24
1192,Tatra Jasne Pelne / Pils / Beer,2006,2.625
1193,Tatra Jasne Pelne / Pils / Beer,2007,2.378947368421053
1194,Tatra Jasne Pelne / Pils / Beer,2008,2.358333333333333
1195,Tatra Jasne Pelne / Pils / Beer,2009,2.369444444444445
1196,Tatra Jasne Pelne / Pils / Beer,2010,2.455172413793103
1197,Tatra Jasne Pelne / Pils / Beer,2011,2.47741935483871
1198,Tatra Jasne Pelne / Pils / Beer,2012,2.2
1199,Tatra Jasne Pelne / Pils / Beer,2013,2.4918918918918918
1200,Tatra Jasne Pelne / Pils / Beer,2014,2.18125
1201,Tatra Jasne Pelne / Pils / Beer,2015,2.2186046511627913
1202,Tatra Jasne Pelne / Pils / Beer,2016,1.8441176470588236
1203,Tatra Jasne Pelne / Pils / Beer,2017,1.9823529411764704
1204,Tatra Jasne Pelne / Pils / Beer,2018,1.985714285714286
1205,Tatra Jasne Pelne / Pils / Beer,2019,2.085714285714286
1206,Tatra Jasne Pelne / Pils / Beer,2020,2.29
1207,Tatra Jasne Pelne / Pils / Beer,2021,1.8
1208,The Twisted Hop Tears... in Rain: Glitter in the Dark,2014,3.85
1209,Tiger Beer,2000,3.0
1210,Tiger Beer,2001,3.5200000000000005
1211,Tiger Beer,2002,2.609302325581395
1212,Tiger Beer,2003,2.270175438596491
1213,Tiger Beer,2004,2.1348484848484843
1214,Tiger Beer,2005,2.0227848101265824
1215,Tiger Beer,2006,2.156481481481482
1216,Tiger Beer,2007,2.1056
1217,Tiger Beer,2008,2.055769230769231
1218,Tiger Beer,2009,1.9817307692307695
1219,Tiger Beer,2010,2.106410256410256
1220,Tiger Beer,2011,2.2411764705882353
1221,Tiger Beer,2012,2.1459854014598534
1222,Tiger Beer,2013,2.111111111111112
1223,Tiger Beer,2014,2.125149700598803
1224,Tiger Beer,2015,2.121951219512196
1225,Tiger Beer,2016,2.144578313253011
1226,Tiger Beer,2017,2.1391891891891888
1227,Tiger Beer,2018,2.246153846153846
1228,Tiger Beer,2019,2.2851063829787237
1229,Tiger Beer,2020,2.264705882352941
1230,Tiger Beer,2021,2.533333333333333
1231,Toppling Goliath Kentucky Brunch,2012,4.7
1232,Toppling Goliath Kentucky Brunch,2013,4.587878787878787
1233,Toppling Goliath Kentucky Brunch,2014,4.502857142857144
1234,Toppling Goliath Kentucky Brunch,2015,4.572972972972973
1235,Toppling Goliath Kentucky Brunch,2016,4.800000000000001
1236,Toppling Goliath Kentucky Brunch,2017,4.699999999999999
1237,Toppling Goliath Kentucky Brunch,2018,4.41
1238,Toppling Goliath Kentucky Brunch,2019,4.3875
1239,Toppling Goliath Kentucky Brunch,2020,4.699999999999999
1240,Toppling Goliath Kentucky Brunch,2021,4.8
1241,Tsingtao Beer Quality Series (Taiwan),2007,1.6
1242,Tsingtao Beer Quality Series (Taiwan),2008,1.7999999999999998
1243,Tsingtao Beer Quality Series (Taiwan),2010,2.5
1244,Tsingtao Beer Quality Series (Taiwan),2011,1.5
1245,Tsingtao Beer Quality Series (Taiwan),2012,2.0
1246,Tsingtao Beer Quality Series (Taiwan),2014,1.85
1247,Tsingtao Beer Quality Series (Taiwan),2015,2.566666666666667
1248,Tsingtao Beer Quality Series (Taiwan),2018,2.5
1249,Unibroue 17 Grande Réserve (Rhum & Cognac),2016,4.0
1250,Unibroue 17 Grande Réserve (Rhum & Cognac),2017,4.0
1251,Unibroue 17 Grande Réserve (Rhum & Cognac),2018,3.9
1252,Unibroue 17 Grande Réserve (Rhum & Cognac),2020,4.0
1253,Unibroue La Fin du Monde,2000,3.7555555555555546
1254,Unibroue La Fin du Monde,2001,3.765624999999999
1255,Unibroue La Fin du Monde,2002,3.87
1256,Unibroue La Fin du Monde,2003,3.696385542168676
1257,Unibroue La Fin du Monde,2004,3.8692708333333345
1258,Unibroue La Fin du Monde,2005,3.887179487179486
1259,Unibroue La Fin du Monde,2006,3.776050420168067
1260,Unibroue La Fin du Monde,2007,3.8430817610062875
1261,Unibroue La Fin du Monde,2008,3.7722054380664636
1262,Unibroue La Fin du Monde,2009,3.81265306122449
1263,Unibroue La Fin du Monde,2010,3.7964824120603002
1264,Unibroue La Fin du Monde,2011,3.939999999999998
1265,Unibroue La Fin du Monde,2012,3.8995967741935478
1266,Unibroue La Fin du Monde,2013,3.885915492957743
1267,Unibroue La Fin du Monde,2014,3.9026881720430127
1268,Unibroue La Fin du Monde,2015,3.862068965517241
1269,Unibroue La Fin du Monde,2016,3.9113924050632924
1270,Unibroue La Fin du Monde,2017,3.789610389610389
1271,Unibroue La Fin du Monde,2018,3.9581395348837214
1272,Unibroue La Fin du Monde,2019,4.044
1273,Unibroue La Fin du Monde,2020,3.95
1274,Unibroue La Fin du Monde,2021,3.175
1275,Unibroue Trois Pistoles,2000,4.085714285714286
1276,Unibroue Trois Pistoles,2001,4.263333333333334
1277,Unibroue Trois Pistoles,2002,4.100694444444443
1278,Unibroue Trois Pistoles,2003,3.9490909090909105
1279,Unibroue Trois Pistoles,2004,4.050450450450452
1280,Unibroue Trois Pistoles,2005,4.003301886792453
1281,Unibroue Trois Pistoles,2006,3.987550200803213
1282,Unibroue Trois Pistoles,2007,3.94391691394659
1283,Unibroue Trois Pistoles,2008,3.8916107382550353
1284,Unibroue Trois Pistoles,2009,3.843933054393305
1285,Unibroue Trois Pistoles,2010,3.9369942196531786
1286,Unibroue Trois Pistoles,2011,3.9470967741935468
1287,Unibroue Trois Pistoles,2012,3.8646067415730325
1288,Unibroue Trois Pistoles,2013,3.943065693430659
1289,Unibroue Trois Pistoles,2014,3.9387931034482766
1290,Unibroue Trois Pistoles,2015,3.88191489361702
1291,Unibroue Trois Pistoles,2016,3.731746031746032
1292,Unibroue Trois Pistoles,2017,3.8333333333333335
1293,Unibroue Trois Pistoles,2018,3.927027027027025
1294,Unibroue Trois Pistoles,2019,3.942307692307693
1295,Unibroue Trois Pistoles,2020,3.672727272727272
1296,Walkerville Classic Amber Lager,2001,4.4
1297,Walkerville Classic Amber Lager,2002,3.1
1298,Walkerville Classic Amber Lager,2003,2.963636363636364
1299,Walkerville Classic Amber Lager,2004,2.5555555555555554
1300,Walkerville Classic Amber Lager,2005,3.322222222222222
1301,Walkerville Classic Amber Lager,2006,2.5799999999999996
1302,Walkerville Classic Amber Lager,2007,2.8615384615384625
1303,Walkerville Classic Amber Lager,2008,2.9000000000000004
1304,Walkerville Classic Amber Lager,2009,2.95
1305,Walkerville Classic Amber Lager,2012,3.4
1306,Walkerville Classic Amber Lager,2013,3.9
1307,Walkerville Classic Amber Lager,2014,3.5
1308,Waterloo IPA,2012,2.5933333333333333
1309,Waterloo IPA,2013,2.9176470588235297
1310,Waterloo IPA,2014,2.625
1311,Waterloo IPA,2015,2.2500000000000004
1312,Waterloo IPA,2016,2.6666666666666665
1313,Waterloo IPA,2017,3.02
1314,Waterloo IPA,2018,2.3285714285714287
1315,Waterloo IPA,2019,3.2
1316,Waterloo IPA,2020,2.8
1317,Waterloo IPA,2021,2.9
1318,Weihenstephaner Hefeweissbier,2000,4.4
1319,Weihenstephaner Hefeweissbier,2001,3.9272727272727277
1320,Weihenstephaner Hefeweissbier,2002,3.8623376623376626
1321,Weihenstephaner Hefeweissbier,2003,3.8262626262626274
1322,Weihenstephaner Hefeweissbier,2004,3.796899224806201
1323,Weihenstephaner Hefeweissbier,2005,3.649285714285716
1324,Weihenstephaner Hefeweissbier,2006,3.7602564102564098
1325,Weihenstephaner Hefeweissbier,2007,3.7766816143497763
1326,Weihenstephaner Hefeweissbier,2008,3.807490636704116
1327,Weihenstephaner Hefeweissbier,2009,3.8370370370370384
1328,Weihenstephaner Hefeweissbier,2010,3.8531120331950186
1329,Weihenstephaner Hefeweissbier,2011,3.8919642857142827
1330,Weihenstephaner Hefeweissbier,2012,3.83917910447761
1331,Weihenstephaner Hefeweissbier,2013,3.925903614457832
1332,Weihenstephaner Hefeweissbier,2014,3.834782608695652
1333,Weihenstephaner Hefeweissbier,2015,3.9467248908296946
1334,Weihenstephaner Hefeweissbier,2016,3.9350877192982456
1335,Weihenstephaner Hefeweissbier,2017,3.8718390804597695
1336,Weihenstephaner Hefeweissbier,2018,3.9509615384615393
1337,Weihenstephaner Hefeweissbier,2019,3.8493150684931505
1338,Weihenstephaner Hefeweissbier,2020,3.9632653061224494
1339,Weihenstephaner Hefeweissbier,2021,4.275
1340,Wellington Special Pale Ale SPA,2000,2.2
1341,Wellington Special Pale Ale SPA,2001,2.55
1342,Wellington Special Pale Ale SPA,2002,2.675
1343,Wellington Special Pale Ale SPA,2003,3.0500000000000003
1344,Wellington Special Pale Ale SPA,2004,3.090909090909091
1345,Wellington Special Pale Ale SPA,2005,2.8785714285714286
1346,Wellington Special Pale Ale SPA,2006,2.7875
1347,Wellington Special Pale Ale SPA,2007,2.8449999999999998
1348,Wellington Special Pale Ale SPA,2008,2.972727272727273
1349,Wellington Special Pale Ale SPA,2009,3.0
1350,Wellington Special Pale Ale SPA,2010,2.7521739130434777
1351,Wellington Special Pale Ale SPA,2011,2.6764705882352935
1352,Wellington Special Pale Ale SPA,2012,2.840909090909091
1353,Wellington Special Pale Ale SPA,2013,2.7062500000000007
1354,Wellington Special Pale Ale SPA,2014,2.8124999999999996
1355,Wellington Special Pale Ale SPA,2015,2.8
1356,Wellington Special Pale Ale SPA,2016,2.7
1357,Wellington Special Pale Ale SPA,2017,2.96
1358,Wellington Special Pale Ale SPA,2018,2.8
1359,Wellington Special Pale Ale SPA,2019,3.05
1360,Wellington Special Pale Ale SPA,2020,3.1
1361,Wissey Valley Golden Rivet,2006,2.0
1362,Wissey Valley Golden Rivet,2007,3.2
1363,Wissey Valley Golden Rivet,2008,3.5
1364,Zubr,2001,3.1
1365,Zubr,2002,3.0500000000000003
1366,Zubr,2003,2.625
1367,Zubr,2004,2.614285714285714
1368,Zubr,2005,2.3368421052631576
1369,Zubr,2006,2.4538461538461545
1370,Zubr,2007,2.5516129032258057
1371,Zubr,2008,2.3105263157894735
1372,Zubr,2009,2.441666666666667
1373,Zubr,2010,2.4068965517241376
1374,Zubr,2011,2.4031250000000006
1375,Zubr,2012,2.2952380952380955
1376,Zubr,2013,2.22258064516129
1377,Zubr,2014,2.2326530612244904
1378,Zubr,2015,2.2851063829787233
1379,Zubr,2016,1.9560000000000002
1380,Zubr,2017,2.092452830188679
1381,Zubr,2018,2.3314285714285714
1382,Zubr,2019,2.203333333333333
1383,Zubr,2020,2.207692307692308
1384,Zubr,2021,2.5
